{"cameraMode":{"drawMode":0,"name":"Shaded","section":"Shading Mode"},"sceneLighting":true,"audioPlay":false,"sceneViewState":{"m_AlwaysRefresh":false,"showFog":true,"showSkybox":true,"showFlares":true,"showImageEffects":true,"showParticleSystems":true,"showVisualEffectGraphs":true,"m_FxEnabled":true},"in2DMode":false,"pivot":{"x":-0.1808786392211914,"y":0.9791131615638733,"z":-2.527144432067871},"rotation":{"x":0.053229574114084247,"y":-0.6257720589637756,"z":0.04286717250943184,"w":0.7770093083381653},"size":3.250333547592163,"orthographic":false}